Workbook

Sheet top_500_ai_firms
A1: firm_name
A2: International Business Machines Corporation
A3: MICROSOFT TECHNOLOGY LICENSING, LLC
A4: Google LLC
A5: AMAZON TECHNOLOGIES, INC.
A6: Intel Corporation
A7: Apple Inc.
A8: Oracle International Corporation
A9: QUALCOMM Incorporated
A10: AT&T Intellectual Property I, L.P.
A11: EMC IP Holding Company LLC
A12: FACEBOOK, INC.
... A501: Kepler Computing Inc.

Sheet filtered us listed company
A1: original_patent_file_name | B1: company_name | C1: standard company name | D1: LLC/INC | E1: ticker | F1: Exchange
A2: {=XLOOKUP(TRUE,ISNUMBER(SEARCH(B2,top_500_ai_firms!A:A)),top_500_ai_firms!A:A,"")} -> International Business Machines Corporation | B2: International Business Machines Corporation | C2: International Business Machines Corporation (IBM) | E2: IBM | F2: NYSE
A3: {=XLOOKUP(TRUE,ISNUMBER(SEARCH(B3,top_500_ai_firms!A:A)),top_500_ai_firms!A:A,"")} -> MICROSOFT TECHNOLOGY LICENSING, LLC | B3: MICROSOFT TECHNOLOGY LICENSING | C3: Microsoft Corporation | D3: LLC | E3: MSFT | F3: NASDAQ
A4: {=XLOOKUP(TRUE,ISNUMBER(SEARCH(B4,top_500_ai_firms!A:A)),top_500_ai_firms!A:A,"")} -> Google LLC | B4: Google LLC | C4: Alphabet Inc. (Google) | E4: GOOGL | F4: NASDAQ
A5: {=XLOOKUP(TRUE,ISNUMBER(SEARCH(B5,top_500_ai_firms!A:A)),top_500_ai_firms!A:A,"")} -> AMAZON TECHNOLOGIES, INC. | B5: AMAZON TECHNOLOGIES | C5: Amazon Technologies, Inc. | D5: INC. | E5: AMZN | F5: NASDAQ
A6: {=XLOOKUP(TRUE,ISNUMBER(SEARCH(B6,top_500_ai_firms!A:A)),top_500_ai_firms!A:A,"")} -> Intel Corporation | B6: Intel Corporation | C6: Intel Corporation | E6: INTC | F6: NASDAQ
A7: {=XLOOKUP(TRUE,ISNUMBER(SEARCH(B7,top_500_ai_firms!A:A)),top_500_ai_firms!A:A,"")} -> Apple Inc. | B7: Apple Inc. | C7: Apple Inc. | E7: AAPL | F7: NASDAQ
A8: {=XLOOKUP(TRUE,ISNUMBER(SEARCH(B8,top_500_ai_firms!A:A)),top_500_ai_firms!A:A,"")} -> Oracle International Corporation | B8: Oracle International Corporation | C8: Oracle Corporation | E8: ORCL | F8: NYSE
A9: {=XLOOKUP(TRUE,ISNUMBER(SEARCH(B9,top_500_ai_firms!A:A)),top_500_ai_firms!A:A,"")} -> QUALCOMM Incorporated | B9: QUALCOMM Incorporated | C9: QUALCOMM Incorporated | E9: QCOM | F9: NASDAQ
A10: {=XLOOKUP(TRUE,ISNUMBER(SEARCH(B10,top_500_ai_firms!A:A)),top_500_ai_firms!A:A,"")} -> FACEBOOK, INC. | B10: FACEBOOK | C10: Meta Platforms, Inc. | D10: INC. | E10: META | F10: NASDAQ
A11: {=XLOOKUP(TRUE,ISNUMBER(SEARCH(B11,top_500_ai_firms!A:A)),top_500_ai_firms!A:A,"")} -> Bank of America Corporation | B11: Bank of America Corporation | C11: Bank of America Corporation | E11: BAC | F11: NYSE
A12: {=XLOOKUP(TRUE,ISNUMBER(SEARCH(B12,top_500_ai_firms!A:A)),top_500_ai_firms!A:A,"")} -> Cisco Technology, Inc. | B12: Cisco Technology | C12: Cisco Systems, Inc. | D12: Inc. | E12: CSCO | F12: NASDAQ
A13: {=XLOOKUP(TRUE,ISNUMBER(SEARCH(B13,top_500_ai_firms!A:A)),top_500_ai_firms!A:A,"")} -> CAPITAL ONE SERVICES, LLC | B13: CAPITAL ONE SERVICES | C13: Capital One Financial Corporation | D13: LLC | E13: COF | F13: NYSE
A14: {=XLOOKUP(TRUE,ISNUMBER(SEARCH(B14,top_500_ai_firms!A:A)),top_500_ai_firms!A:A,"")} -> Micron Technology, Inc. | B14: Micron Technology | C14: Micron Technology, Inc. | D14: Inc. | E14: MU | F14: NASDAQ
A15: {=XLOOKUP(TRUE,ISNUMBER(SEARCH(B15,top_500_ai_firms!A:A)),top_500_ai_firms!A:A,"")} -> Ford Global Technologies, LLC | B15: Ford Global Technologies | C15: Ford Motor Company | D15: LLC | E15: F | F15: NYSE
A16: {=XLOOKUP(TRUE,ISNUMBER(SEARCH(B16,top_500_ai_firms!A:A)),top_500_ai_firms!A:A,"")} -> General Electric Company | B16: General Electric Company | C16: GE Vernova Inc. / GE Aerospace (formerly General Electric Company) | E16: GEV | F16: NYSE
A17: {=XLOOKUP(TRUE,ISNUMBER(SEARCH(B17,top_500_ai_firms!A:A)),top_500_ai_firms!A:A,"")} -> Adobe Inc. | B17: Adobe Inc. | C17: Adobe Inc. | E17: ADBE | F17: NASDAQ
A18: {=XLOOKUP(TRUE,ISNUMBER(SEARCH(B18,top_500_ai_firms!A:A)),top_500_ai_firms!A:A,"")} -> Salesforce.com, Inc. | B18: Salesforce.com | C18: Salesforce, Inc. | D18: Inc. | E18: CRM | F18: NYSE
A19: {=XLOOKUP(TRUE,ISNUMBER(SEARCH(B19,top_500_ai_firms!A:A)),top_500_ai_firms!A:A,"")} -> The Boeing Company | B19: The Boeing Company | C19: The Boeing Company | E19: BA | F19: NYSE
A20: {=XLOOKUP(TRUE,ISNUMBER(SEARCH(B20,top_500_ai_firms!A:A)),top_500_ai_firms!A:A,"")} -> Verizon Patent and Licensing Inc. | B20: Verizon Patent and Licensing Inc. | C20: Verizon Communications Inc. | E20: VZ | F20: NYSE
A21: {=XLOOKUP(TRUE,ISNUMBER(SEARCH(B21,top_500_ai_firms!A:A)),top_500_ai_firms!A:A,"")} -> HONEYWELL INTERNATIONAL INC. | B21: HONEYWELL INTERNATIONAL INC. | C21: Honeywell International Inc. | E21: HON | F21: NASDAQ
A22: {=XLOOKUP(TRUE,ISNUMBER(SEARCH(B22,top_500_ai_firms!A:A)),top_500_ai_firms!A:A,"")} -> Hewlett Packard Enterprise Development LP | B22: Hewlett Packard Enterprise Development LP | C22: Hewlett Packard Enterprise Company | E22: HPE | F22: NYSE
A23: {=XLOOKUP(TRUE,ISNUMBER(SEARCH(B23,top_500_ai_firms!A:A)),top_500_ai_firms!A:A,"")} -> GM GLOBAL TECHNOLOGY OPERATIONS LLC | B23: GM GLOBAL TECHNOLOGY OPERATIONS LLC | C23: General Motors Company | E23: GM | F23: NYSE
A24: {=XLOOKUP(TRUE,ISNUMBER(SEARCH(B24,top_500_ai_firms!A:A)),top_500_ai_firms!A:A,"")} -> eBay Inc. | B24: eBay Inc. | C24: eBay Inc. | E24: EBAY | F24: NASDAQ
A25: {=XLOOKUP(TRUE,ISNUMBER(SEARCH(B25,top_500_ai_firms!A:A)),top_500_ai_firms!A:A,"")} -> SNAP INC. | B25: SNAP INC. | C25: Snap Inc. | E25: SNAP | F25: NYSE
A26: {=XLOOKUP(TRUE,ISNUMBER(SEARCH(B26,top_500_ai_firms!A:A)),top_500_ai_firms!A:A,"")} -> PAYPAL, INC. | B26: PAYPAL | C26: PayPal Holdings, Inc. | D26: INC. | E26: PYPL | F26: NASDAQ
A27: {=XLOOKUP(TRUE,ISNUMBER(SEARCH(B27,top_500_ai_firms!A:A)),top_500_ai_firms!A:A,"")} -> Intuit Inc. | B27: Intuit Inc. | C27: Intuit Inc. | E27: INTU | F27: NASDAQ
A28: {=XLOOKUP(TRUE,ISNUMBER(SEARCH(B28,top_500_ai_firms!A:A)),top_500_ai_firms!A:A,"")} -> TEXAS INSTRUMENTS INCORPORATED | B28: TEXAS INSTRUMENTS INCORPORATED | C28: Texas Instruments Incorporated | E28: TXN | F28: NASDAQ
A29: {=XLOOKUP(TRUE,ISNUMBER(SEARCH(B29,top_500_ai_firms!A:A)),top_500_ai_firms!A:A,"")} -> NVIDIA Corporation | B29: NVIDIA Corporation | C29: NVIDIA Corporation | E29: NVDA | F29: NASDAQ
A30: {=XLOOKUP(TRUE,ISNUMBER(SEARCH(B30,top_500_ai_firms!A:A)),top_500_ai_firms!A:A,"")} -> Palantir Technologies Inc. | B30: Palantir Technologies Inc. | C30: Palantir Technologies Inc. | E30: PLTR | F30: NYSE
A31: {=XLOOKUP(TRUE,ISNUMBER(SEARCH(B31,top_500_ai_firms!A:A)),top_500_ai_firms!A:A,"")} -> Advanced Micro Devices, Inc. | B31: Advanced Micro Devices | C31: Advanced Micro Devices, Inc. (AMD) | D31: Inc. | E31: AMD | F31: NASDAQ
A32: {=XLOOKUP(TRUE,ISNUMBER(SEARCH(B32,top_500_ai_firms!A:A)),top_500_ai_firms!A:A,"")} -> Adobe Systems Incorporated | B32: Adobe Systems Incorporated | C32: Adobe Inc. | E32: ADBE | F32: NASDAQ
A33: {=XLOOKUP(TRUE,ISNUMBER(SEARCH(B33,top_500_ai_firms!A:A)),top_500_ai_firms!A:A,"")} -> ServiceNow, Inc. | B33: ServiceNow | C33: ServiceNow, Inc. | D33: Inc. | E33: NOW | F33: NYSE
A34: {=XLOOKUP(TRUE,ISNUMBER(SEARCH(B34,top_500_ai_firms!A:A)),top_500_ai_firms!A:A,"")} -> Xerox Corporation | B34: Xerox Corporation | C34: Xerox Holdings Corporation | E34: XRX | F34: NASDAQ
A35: {=XLOOKUP(TRUE,ISNUMBER(SEARCH(B35,top_500_ai_firms!A:A)),top_500_ai_firms!A:A,"")} -> Juniper Networks, Inc. | B35: Juniper Networks | C35: Juniper Networks, Inc. | D35: Inc. | E35: JNPR | F35: NYSE
A36: {=XLOOKUP(TRUE,ISNUMBER(SEARCH(B36,top_500_ai_firms!A:A)),top_500_ai_firms!A:A,"")} -> GoPro, Inc. | B36: GoPro | C36: GoPro, Inc. | D36: Inc. | E36: GPRO | F36: NASDAQ
A37: {=XLOOKUP(TRUE,ISNUMBER(SEARCH(B37,top_500_ai_firms!A:A)),top_500_ai_firms!A:A,"")} -> Facebook Technologies, LLC | B37: Facebook Technologies | C37: Meta Platforms, Inc. | D37: LLC | E37: META | F37: NASDAQ
A38: {=XLOOKUP(TRUE,ISNUMBER(SEARCH(B38,top_500_ai_firms!A:A)),top_500_ai_firms!A:A,"")} -> T-Mobile USA, Inc. | B38: T-Mobile USA | C38: T-Mobile US, Inc. | D38: Inc. | E38: TMUS | F38: NASDAQ
A39: {=XLOOKUP(TRUE,ISNUMBER(SEARCH(B39,top_500_ai_firms!A:A)),top_500_ai_firms!A:A,"")} -> Western Digital Technologies, Inc. | B39: Western Digital Technologies | C39: Western Digital Corporation | D39: Inc. | E39: WDC | F39: NASDAQ
A40: {=XLOOKUP(TRUE,ISNUMBER(SEARCH(B40,top_500_ai_firms!A:A)),top_500_ai_firms!A:A,"")} -> Uber Technologies, Inc. | B40: Uber Technologies | C40: Uber Technologies, Inc. | D40: Inc. | E40: UBER | F40: NYSE
A41: {=XLOOKUP(TRUE,ISNUMBER(SEARCH(B41,top_500_ai_firms!A:A)),top_500_ai_firms!A:A,"")} -> Rockwell Automation Technologies, Inc. | B41: Rockwell Automation Technologies | C41: Rockwell Automation, Inc. | D41: Inc. | E41: ROK | F41: NYSE
A42: {=XLOOKUP(TRUE,ISNUMBER(SEARCH(B42,top_500_ai_firms!A:A)),top_500_ai_firms!A:A,"")} -> NetApp, Inc. | B42: NetApp | C42: NetApp, Inc. | D42: Inc. | E42: NTAP | F42: NASDAQ
A43: {=XLOOKUP(TRUE,ISNUMBER(SEARCH(B43,top_500_ai_firms!A:A)),top_500_ai_firms!A:A,"")} -> Dropbox, Inc. | B43: Dropbox | C43: Dropbox, Inc. | D43: Inc. | E43: DBX | F43: NASDAQ
A44: {=XLOOKUP(TRUE,ISNUMBER(SEARCH(B44,top_500_ai_firms!A:A)),top_500_ai_firms!A:A,"")} -> Snowflake Inc. | B44: Snowflake Inc. | C44: Snowflake Inc. | E44: SNOW | F44: NYSE
A45: {=XLOOKUP(TRUE,ISNUMBER(SEARCH(B45,top_500_ai_firms!A:A)),top_500_ai_firms!A:A,"")} -> MOTOROLA SOLUTIONS, INC. | B45: MOTOROLA SOLUTIONS | C45: Motorola Solutions, Inc. | D45: INC. | E45: MSI | F45: NYSE
A46: {=XLOOKUP(TRUE,ISNUMBER(SEARCH(B46,top_500_ai_firms!A:A)),top_500_ai_firms!A:A,"")} -> Salesforce.com, Inc. | B46: Salesforce | C46: Salesforce, Inc. | D46: Inc. | E46: CRM | F46: NYSE
A47: {=XLOOKUP(TRUE,ISNUMBER(SEARCH(B47,top_500_ai_firms!A:A)),top_500_ai_firms!A:A,"")} -> PURE STORAGE, INC. | B47: PURE STORAGE | C47: Pure Storage, Inc. | D47: INC. | E47: PSTG | F47: NYSE
A48: {=XLOOKUP(TRUE,ISNUMBER(SEARCH(B48,top_500_ai_firms!A:A)),top_500_ai_firms!A:A,"")} -> Commvault Systems, Inc. | B48: Commvault Systems | C48: Commvault Systems, Inc. | D48: Inc. | E48: CVLT | F48: NASDAQ
A49: {=XLOOKUP(TRUE,ISNUMBER(SEARCH(B49,top_500_ai_firms!A:A)),top_500_ai_firms!A:A,"")} -> Deere & Company | B49: Deere & Company | C49: Deere & Company | E49: DE | F49: NYSE
A50: {=XLOOKUP(TRUE,ISNUMBER(SEARCH(B50,top_500_ai_firms!A:A)),top_500_ai_firms!A:A,"")} -> Meta Platforms, Inc. | B50: Meta Platforms | C50: Meta Platforms, Inc. | D50: Inc. | E50: META | F50: NASDAQ
A51: {=XLOOKUP(TRUE,ISNUMBER(SEARCH(B51,top_500_ai_firms!A:A)),top_500_ai_firms!A:A,"")} -> NCR Corporation | B51: NCR Corporation | C51: NCR Atleos Corporation / NCR Voyix Corporation | E51: VYX | F51: NYSE
A52: {=XLOOKUP(TRUE,ISNUMBER(SEARCH(B52,top_500_ai_firms!A:A)),top_500_ai_firms!A:A,"")} -> SONOS, INC. | B52: SONOS | C52: Sonos, Inc. | D52: INC. | E52: SONO | F52: NASDAQ
A53: {=XLOOKUP(TRUE,ISNUMBER(SEARCH(B53,top_500_ai_firms!A:A)),top_500_ai_firms!A:A,"")} -> Cadence Design Systems, Inc. | B53: Cadence Design Systems | C53: Cadence Design Systems, Inc. | D53: Inc. | E53: CDNS | F53: NASDAQ
A54: {=XLOOKUP(TRUE,ISNUMBER(SEARCH(B54,top_500_ai_firms!A:A)),top_500_ai_firms!A:A,"")} -> SYNOPSYS, INC. | B54: SYNOPSYS | C54: Synopsys, Inc. | D54: INC. | E54: SNPS | F54: NASDAQ
A55: {=XLOOKUP(TRUE,ISNUMBER(SEARCH(B55,top_500_ai_firms!A:A)),top_500_ai_firms!A:A,"")} -> Alarm.com Incorporated | B55: Alarm.com Incorporated | C55: Alarm.com Holdings, Inc. | E55: ALRM | F55: NASDAQ
A56: {=XLOOKUP(TRUE,ISNUMBER(SEARCH(B56,top_500_ai_firms!A:A)),top_500_ai_firms!A:A,"")} -> Autodesk, Inc. | B56: Autodesk | C56: Autodesk, Inc. | D56: Inc. | E56: ADSK | F56: NASDAQ
A57: {=XLOOKUP(TRUE,ISNUMBER(SEARCH(B57,top_500_ai_firms!A:A)),top_500_ai_firms!A:A,"")} -> Caterpillar Inc. | B57: Caterpillar Inc. | C57: Caterpillar Inc. | E57: CAT | F57: NYSE
A58: {=XLOOKUP(TRUE,ISNUMBER(SEARCH(B58,top_500_ai_firms!A:A)),top_500_ai_firms!A:A,"")} -> GlobalFoundries Inc. | B58: GlobalFoundries Inc. | C58: GlobalFoundries Inc. | E58: GFS | F58: NASDAQ
A59: {=XLOOKUP(TRUE,ISNUMBER(SEARCH(B59,top_500_ai_firms!A:A)),top_500_ai_firms!A:A,"")} -> INTUITIVE SURGICAL OPERATIONS, INC. | B59: INTUITIVE SURGICAL OPERATIONS | C59: Intuitive Surgical, Inc. | D59: INC. | E59: ISRG | F59: NASDAQ
A60: {=XLOOKUP(TRUE,ISNUMBER(SEARCH(B60,top_500_ai_firms!A:A)),top_500_ai_firms!A:A,"")} -> Electronic Arts Inc. | B60: Electronic Arts Inc. | C60: Electronic Arts Inc. | E60: EA | F60: NASDAQ
A61: {=XLOOKUP(TRUE,ISNUMBER(SEARCH(B61,top_500_ai_firms!A:A)),top_500_ai_firms!A:A,"")} -> Kyndryl, Inc. | B61: Kyndryl | C61: Kyndryl Holdings, Inc. | D61: Inc. | E61: KD | F61: NYSE
A62: {=XLOOKUP(TRUE,ISNUMBER(SEARCH(B62,top_500_ai_firms!A:A)),top_500_ai_firms!A:A,"")} -> Applied Materials, Inc. | B62: Applied Materials | C62: Applied Materials, Inc. | D62: Inc. | E62: AMAT | F62: NASDAQ
A63: {=XLOOKUP(TRUE,ISNUMBER(SEARCH(B63,top_500_ai_firms!A:A)),top_500_ai_firms!A:A,"")} -> Digimarc Corporation | B63: Digimarc Corporation | C63: Digimarc Corporation | E63: DMRC | F63: NASDAQ
A64: {=XLOOKUP(TRUE,ISNUMBER(SEARCH(B64,top_500_ai_firms!A:A)),top_500_ai_firms!A:A,"")} -> Meta Platforms Technologies, LLC | B64: Meta Platforms Technologies | C64: Meta Platforms, Inc. | D64: LLC | E64: META | F64: NASDAQ
A65: {=XLOOKUP(TRUE,ISNUMBER(SEARCH(B65,top_500_ai_firms!A:A)),top_500_ai_firms!A:A,"")} -> A9.com, Inc. | B65: A9.com | C65: Amazon.com, Inc. | D65: Inc. | E65: AMZN | F65: NASDAQ
A66: {=XLOOKUP(TRUE,ISNUMBER(SEARCH(B66,top_500_ai_firms!A:A)),top_500_ai_firms!A:A,"")} -> CIRRUS LOGIC, INC. | B66: CIRRUS LOGIC | C66: Cirrus Logic, Inc. | D66: INC. | E66: CRUS | F66: NASDAQ
A67: {=XLOOKUP(TRUE,ISNUMBER(SEARCH(B67,top_500_ai_firms!A:A)),top_500_ai_firms!A:A,"")} -> Synaptics Incorporated | B67: Synaptics Incorporated | C67: Synaptics Incorporated | E67: SYNA | F67: NASDAQ
A68: {=XLOOKUP(TRUE,ISNUMBER(SEARCH(B68,top_500_ai_firms!A:A)),top_500_ai_firms!A:A,"")} -> Align Technology, Inc. | B68: Align Technology | C68: Align Technology, Inc. | D68: Inc. | E68: ALGN | F68: NASDAQ
A69: {=XLOOKUP(TRUE,ISNUMBER(SEARCH(B69,top_500_ai_firms!A:A)),top_500_ai_firms!A:A,"")} -> NIKE, Inc. | B69: NIKE | C69: NIKE, Inc. | D69: Inc. | E69: NKE | F69: NYSE
A70: {=XLOOKUP(TRUE,ISNUMBER(SEARCH(B70,top_500_ai_firms!A:A)),top_500_ai_firms!A:A,"")} -> Chicago Mercantile Exchange Inc. | B70: Chicago Mercantile Exchange Inc. | C70: CME Group Inc. | E70: CME | F70: NASDAQ
A71: {=XLOOKUP(TRUE,ISNUMBER(SEARCH(B71,top_500_ai_firms!A:A)),top_500_ai_firms!A:A,"")} -> Palo Alto Networks, Inc. | B71: Palo Alto Networks | C71: Palo Alto Networks, Inc. | D71: Inc. | E71: PANW | F71: NASDAQ
A72: {=XLOOKUP(TRUE,ISNUMBER(SEARCH(B72,top_500_ai_firms!A:A)),top_500_ai_firms!A:A,"")} -> Zebra Technologies Corporation | B72: Zebra Technologies Corporation | C72: Zebra Technologies Corporation | E72: ZBRA | F72: NASDAQ
A73: {=XLOOKUP(TRUE,ISNUMBER(SEARCH(B73,top_500_ai_firms!A:A)),top_500_ai_firms!A:A,"")} -> Netflix, Inc. | B73: Netflix | C73: Netflix, Inc. | D73: Inc. | E73: NFLX | F73: NASDAQ
A74: {=XLOOKUP(TRUE,ISNUMBER(SEARCH(B74,top_500_ai_firms!A:A)),top_500_ai_firms!A:A,"")} -> Roku, Inc. | B74: Roku | C74: Roku, Inc. | D74: Inc. | E74: ROKU | F74: NASDAQ
A75: {=XLOOKUP(TRUE,ISNUMBER(SEARCH(B75,top_500_ai_firms!A:A)),top_500_ai_firms!A:A,"")} -> Nutanix, Inc. | B75: Nutanix | C75: Nutanix, Inc. | D75: Inc. | E75: NTNX | F75: NASDAQ
A76: {=XLOOKUP(TRUE,ISNUMBER(SEARCH(B76,top_500_ai_firms!A:A)),top_500_ai_firms!A:A,"")} -> Cognex Corporation | B76: Cognex Corporation | C76: Cognex Corporation | E76: CGNX | F76: NASDAQ
A77: {=XLOOKUP(TRUE,ISNUMBER(SEARCH(B77,top_500_ai_firms!A:A)),top_500_ai_firms!A:A,"")} -> Fortinet, Inc. | B77: Fortinet | C77: Fortinet, Inc. | D77: Inc. | E77: FTNT | F77: NASDAQ
A78: {=XLOOKUP(TRUE,ISNUMBER(SEARCH(B78,top_500_ai_firms!A:A)),top_500_ai_firms!A:A,"")} -> Lyft, Inc. | B78: Lyft | C78: Lyft, Inc. | D78: Inc. | E78: LYFT | F78: NASDAQ
A79: {=XLOOKUP(TRUE,ISNUMBER(SEARCH(B79,top_500_ai_firms!A:A)),top_500_ai_firms!A:A,"")} -> Lockheed Martin Corporation | B79: Lockheed Martin Corporation | C79: Lockheed Martin Corporation | E79: LMT | F79: NYSE
A80: {=XLOOKUP(TRUE,ISNUMBER(SEARCH(B80,top_500_ai_firms!A:A)),top_500_ai_firms!A:A,"")} -> Akamai Technologies, Inc. | B80: Akamai Technologies | C80: Akamai Technologies, Inc. | D80: Inc. | E80: AKAM | F80: NASDAQ
A81: {=XLOOKUP(TRUE,ISNUMBER(SEARCH(B81,top_500_ai_firms!A:A)),top_500_ai_firms!A:A,"")} -> Medtronic, Inc. | B81: Medtronic | C81: Medtronic plc | D81: Inc. | E81: MDT | F81: NYSE
A82: {=XLOOKUP(TRUE,ISNUMBER(SEARCH(B82,top_500_ai_firms!A:A)),top_500_ai_firms!A:A,"")} -> TARGET BRANDS, INC. | B82: TARGET BRANDS | C82: Target Corporation | D82: INC. | E82: TGT | F82: NYSE
A83: {=XLOOKUP(TRUE,ISNUMBER(SEARCH(B83,top_500_ai_firms!A:A)),top_500_ai_firms!A:A,"")} -> CARRIER CORPORATION | B83: CARRIER CORPORATION | C83: Carrier Global Corporation | E83: CARR | F83: NYSE
A84: {=XLOOKUP(TRUE,ISNUMBER(SEARCH(B84,top_500_ai_firms!A:A)),top_500_ai_firms!A:A,"")} -> ADP, Inc. | B84: ADP | C84: Automatic Data Processing, Inc. (ADP) | D84: Inc. | E84: ADP | F84: NASDAQ
A85: {=XLOOKUP(TRUE,ISNUMBER(SEARCH(B85,top_500_ai_firms!A:A)),top_500_ai_firms!A:A,"")} -> VERINT SYSTEMS INC. | B85: VERINT SYSTEMS INC. | C85: Verint Systems Inc. | E85: VRNT | F85: NASDAQ
A86: {=XLOOKUP(TRUE,ISNUMBER(SEARCH(B86,top_500_ai_firms!A:A)),top_500_ai_firms!A:A,"")} -> iRobot Corporation | B86: iRobot Corporation | C86: iRobot Corporation | E86: IRBT | F86: NASDAQ
A87: {=XLOOKUP(TRUE,ISNUMBER(SEARCH(B87,top_500_ai_firms!A:A)),top_500_ai_firms!A:A,"")} -> FARO Technologies, Inc. | B87: FARO Technologies | C87: FARO Technologies, Inc. | D87: Inc. | E87: FARO | F87: NASDAQ
A88: {=XLOOKUP(TRUE,ISNUMBER(SEARCH(B88,top_500_ai_firms!A:A)),top_500_ai_firms!A:A,"")} -> Verisign, Inc. | B88: Verisign | C88: VeriSign, Inc. | D88: Inc. | E88: VRSN | F88: NASDAQ
A89: {=XLOOKUP(TRUE,ISNUMBER(SEARCH(B89,top_500_ai_firms!A:A)),top_500_ai_firms!A:A,"")} -> Rambus Inc. | B89: Rambus Inc. | C89: Rambus Inc. | E89: RMBS | F89: NASDAQ
A90: {=XLOOKUP(TRUE,ISNUMBER(SEARCH(B90,top_500_ai_firms!A:A)),top_500_ai_firms!A:A,"")} -> Workday, Inc. | B90: Workday | C90: Workday, Inc. | D90: Inc. | E90: WDAY | F90: NASDAQ
A91: {=XLOOKUP(TRUE,ISNUMBER(SEARCH(B91,top_500_ai_firms!A:A)),top_500_ai_firms!A:A,"")} -> Dropbox, Inc. | B91: Box | C91: Box, Inc. | D91: Inc. | E91: BOX | F91: NYSE
A92: {=XLOOKUP(TRUE,ISNUMBER(SEARCH(B92,top_500_ai_firms!A:A)),top_500_ai_firms!A:A,"")} -> MicroStrategy Incorporated | B92: MicroStrategy Incorporated | C92: Strategy (formerly MicroStrategy Incorporated) | E92: MSTR | F92: NASDAQ
A95: {=XLOOKUP(TRUE,ISNUMBER(SEARCH(B95,top_500_ai_firms!A:A)),top_500_ai_firms!A:A,"")} -> RAYTHEON TECHNOLOGIES CORPORATION | B95: RAYTHEON TECHNOLOGIES CORPORATION | C95: RTX Corporation (formerly Raytheon Technologies Corporation) | E95: RTX | F95: NYSE
A96: {=XLOOKUP(TRUE,ISNUMBER(SEARCH(B96,top_500_ai_firms!A:A)),top_500_ai_firms!A:A,"")} -> WAL-MART STORES, INC. | B96: WAL-MART STORES | C96: Walmart Inc. | D96: INC. | E96: WMT | F96: NYSE
A97: {=XLOOKUP(TRUE,ISNUMBER(SEARCH(B97,top_500_ai_firms!A:A)),top_500_ai_firms!A:A,"")} -> ILLINOIS TOOL WORKS INC. | B97: ILLINOIS TOOL WORKS INC. | C97: Illinois Tool Works Inc. | E97: ITW | F97: NYSE
A98: {=XLOOKUP(TRUE,ISNUMBER(SEARCH(B98,top_500_ai_firms!A:A)),top_500_ai_firms!A:A,"")} -> DISH Technologies L.L.C. | B98: DISH Technologies L.L.C. | C98: EchoStar Corporation (formerly DISH Network Corporation) | E98: SATS | F98: NASDAQ
A99: {=XLOOKUP(TRUE,ISNUMBER(SEARCH(B99,top_500_ai_firms!A:A)),top_500_ai_firms!A:A,"")} -> Rubrik, Inc. | B99: Rubrik | C99: Rubrik, Inc. | D99: Inc. | E99: RBRK | F99: NYSE
A100: {=XLOOKUP(TRUE,ISNUMBER(SEARCH(B100,top_500_ai_firms!A:A)),top_500_ai_firms!A:A,"")} -> Cummins Inc. | B100: Cummins Inc. | C100: Cummins Inc. | E100: CMI | F100: NYSE
A101: {=XLOOKUP(TRUE,ISNUMBER(SEARCH(B101,top_500_ai_firms!A:A)),top_500_ai_firms!A:A,"")} -> Teradata US, Inc. | B101: Teradata US | C101: Teradata Corporation | D101: Inc. | E101: TDC | F101: NYSE
A102: {=XLOOKUP(TRUE,ISNUMBER(SEARCH(B102,top_500_ai_firms!A:A)),top_500_ai_firms!A:A,"")} -> Rapid7, Inc. | B102: Rapid7 | C102: Rapid7, Inc. | D102: Inc. | E102: RPD | F102: NASDAQ
...
